CUST_ID,ACC_NO,CUST_NAME,CUST_GENDER,CUST_ADDRESS,CUST_CITY,CUST_STATE,CUST_DOB,CUST_EMAIL,CUST_CONTACTNO,CUST_PAN_ID,CUST_MARITALSTATUS,CUST_SALARY,CUST_NOMINEE,EMP_ALIAS
98000000,4233814356,Shruti Sharma,Female,"104, IsconAvenue, Opp. Choice Restaurant Nr. Swastik Char Rasta, C.G. Road, Ahmedabad-380009",Ahmedabad,Gujarat,34344,Shruti.Sharma1219@gmail.com,9290926510,YHNEP2134P,Single,39638,Mudita Manikkalingam,arjga
98000001,8153074807,Satbir Singh,Male,"104, LAWRENCE ROAD, 1ST FLOOR, OPP. NEHRU SHOPPING COMPLEX, AMRITSAR - 143001",Amritsar,Punjab,36423,Satbir.Singh898@gmail.com,8097264379,SCAIM4935O,Married,68070,Manmohan Rengarajan,eemja
98000002,7044733721,Kanishk Sethi,Male,"104,Time Square Complex, Nr Kailash Resturant,Nanpura Surat,Gujrat.",Surat,Gujarat,34743,Kanishk.Sethi216@gmail.com,9051607476,PMSWC2456S,Single,60938,Purnendu Pavan,namad
98000003,9571446558,Swati Shukla,Female,"105, Plot 17, Vardhman Plaza, Rani Bagh, Pitampura, New Delhi",New Delhi,New Delhi,32786,Swati.Shukla12@gmail.com,8187690369,KPVND5312U,Married,42018,Aahlaad Naimesh,jyadva
98000004,9571496938,Haresh Ahir,Male,"105, Vardhman Arihant Chamber, Plot No 6, KP Block, Community Center, Pitampura",New Delhi,New Delhi,34498,Haresh.Ahir144@gmail.com,9039723404,ISACP7025R,Married,61200,Vipin Lankesh Vijayashree,eemja
98000005,4233188259,Ketan Sanghavi,Male,"105/106 & 201/202, Gala Business Centre-1 Off. C.G. Road, Ahmedabad-380009",Ahmedabad,Gujarat,34192,Ketan.Sanghavi1487@gmail.com,7892749462,JZRPL6092C,Single,2696,Sunanda Vajpayee,namad
98000006,9571387283,Narendra Gurjar,Male,"105/12, Amrit Puri B, East of Kailash, Opp Iskon Temple",New Delhi,New Delhi,36313,Narendra.Gurjar1900@gmail.com,8527145694,PIMHD4195B,Married,18225,Rampratap Ghosal,rajshi
98000007,9571684595,Abhishek Shukla,Male,"106, 1st floor, anand chambers, 25/34, east patel nagar, new delhi",New Delhi,New Delhi,33610,Abhishek.Shukla293@gmail.com,7760339875,QEGSH8052G,Divorced,79653,Tanmay Shujauddin,pbaua
98000008,9571619617,Tanvi,Female,"106, Mehar Chand Market, Lodhi Colony, New delhi",New Delhi,New Delhi,35124,Tanvi.1350@gmail.com,7456781898,SRFLO6871R,Single,27277,Ramashray Suryanarayana,pbaua
98000009,4233326586,Babli Bhatia,Female,"106, Pinnacle Business Park, Corporate Road Prahladnagar, Ahmedabad-380015",Ahmedabad,Gujarat,32386,Babli.Bhatia685@gmail.com,7791319509,JQYIZ7428M,Married,12936,Archan Murugan,eemja
98000010,9571914672,Monika Kalia,Female,"107, AGGARWAL PLAZA 3, 1ST FLOOR, PLOT NO.11, SECTOR 10, DWARKA, NEW DELHI - 110075",New Delhi,New Delhi,36433,Monika.Kalia820@gmail.com,8088443016,WUXFV1428X,Married,11743,Maanika Keskar,namad
98000011,9571857434,Ajay Kumar ,Male,"108, 1st floor, plot no 10, sikka complex, preet vihar community center, vikas marg, near cbse building, new delhi",New Delhi,New Delhi,33513,Ajay.Kumar 1885@gmail.com,8564687334,AFCYT4631T,Single,85245,Neeharika Vikriti,meema
98000012,9571325396,Parmesh,Male,"108, Pragati Tower 26, Rajendra Place, New Delhi",New Delhi,New Delhi,33520,Parmesh.1044@gmail.com,8847484707,HPNWM3462N,Divorced,63041,Inayat Ramamuthe,rajshi
98000013,9571399121,Rajat,Male,"108-109, A.J. Chambers, Naiwala, Karol Bagh",New Delhi,New Delhi,35695,Rajat.1284@gmail.com,7399030948,TNKBO7106X,Divorced,43453,Vijaya Sandipan,jyadva
98000014,8370846082,Ashish Gaur,Male,"10th Floor ,1001/2/3 , Hallmark Business Plaza , Gurunanak BARC Hospital Rd, Bandra East , Mumbai , 400051",Mumbai,Maharashtra,34383,Ashish.Gaur687@gmail.com,8733331463,CJWEG2031L,Single,49553,Maithili Nira,jyadva
98000015,4233379027,Anuj Kumar,Male,"11, Parekhvas, B/h. Ambaji Mata Temple, Vejalpur Village, Ahmedabad-380051",Ahmedabad,Gujarat,36160,Anuj.Kumar1387@gmail.com,8884974632,UVYOA7629I,Divorced,69443,Manda Virani,meema
98000016,9571891263,Lokesh Anand,Male,"110, 1st floor, Rectangle 1, Distt Centre, Saket, New Delhi",New Delhi,New Delhi,34206,Lokesh.Anand579@gmail.com,9261277479,FIABQ6428D,Divorced,86333,Jeeval Aruna Palam,mitcha
98000017,9571728539,Deepika,Female,"110, Kamal Plaza 2265, Gurudwara Road, Karol Bagh",New Delhi,New Delhi,32559,Deepika.13@gmail.com,8711705402,QILHF4374Q,Divorced,63156,Nandita Madhabi,mitcha
98000018,6597102929,Debashis Dey,Male,"1100 - 1101, SECTOR - 22B, CHANDIGARH - 160022",Chandigarh,Punjab,32434,Debashis.Dey300@gmail.com,8133662626,RSYNQ6420U,Married,55215,Anjali Mackherdhuj,rajshi
98000019,9571789272,Dheeraj Sawhney,Male,"111, 1st Floor, Aashirwad Commercial Complex, Green Park, New Delhi",New Delhi,New Delhi,34292,Dheeraj.Sawhney317@gmail.com,8859580833,WURDL2187U,Single,70934,Bhakti Mamgain,meema
98000020,9571576515,Pankaj Gupta,Male,"111, 1st Floor, Aashirwad Commercial Complex, Green Park, New Delhi – 110016",New Delhi,New Delhi,32756,Pankaj.Gupta557@gmail.com,9442073196,INMZD6309H,Divorced,47829,Sudhindra Marita,eemja
98000021,9571420849,Gagandeep Singh,Male,"111, RG Complex 2 Prashant Vihar, Rohini- Sector -14, New Delhi",New Delhi,New Delhi,35039,Gagandeep.Singh433@gmail.com,8980833090,MSONF3704J,Single,31862,Abhichandra Tina,eemja
98000022,1761412539,Rohtash Brangla,Male,"111,South City Arcade, South City-1, Gurgaon-122001",Gurugram,Haryana,34940,Rohtash.Brangla1046@gmail.com,9027188379,TEJSD9324U,Single,46134,Seemanta Manjari,pbaua
98000023,9571331788,Priyanka Kumar,Female,"1117 Devika Towers, Nehru Place, Delhi",New Delhi,New Delhi,33962,Priyanka.Kumar295@gmail.com,7792737773,YVTMG1980A,Single,87892,Pranay Tumkur,vinit
98000024,9571935033,Raman Khurana,Male,"112 B, Aashirwad Complex, D-1 (K-84) Green Park, New delhi",New Delhi,New Delhi,33976,Raman.Khurana194@gmail.com,7903368023,VBHXO9403X,Single,50554,Hiranmay Dhruba,rajshi
98000025,5155852878,Rajesh Jain,Male,"112, Chokhani Square, Plot No 4, Sector 18 Noida",Noida,Uttar Pradesh,32770,Rajesh.Jain823@gmail.com,7448493120,EWNHY1908Y,Divorced,90104,Shravasti Toodi,urling
98000026,9571721200,Nitin Jain,Male,"112, L.S.C , DURGA PLACE, D.D.A MARKET POCKET B ASHOK VIHAR PHASE - 3, DELHI - 92",New Delhi,New Delhi,33318,Nitin.Jain1125@gmail.com,7280107649,CDWRU1475X,Single,76346,Jeevika Pritha,sadban
98000027,9571935351,Pratham Tyagi,Male,"112, Mohan Singh Palace, Connaught Place, New Delhi",New Delhi,New Delhi,33063,Pratham.Tyagi1387@gmail.com,8025642488,LEAPK5283T,Married,72514,Samidha Ramasamy,namad
98000028,5908615994,Anthony Fernandiz,Male,"113-114, sun and moo, belvedara parkswage farm, new sanganer road, ram nagarb extension, sodala, jaipur",Jaipur,Rajasthan,35240,Anthony.Fernandiz690@gmail.com,9172659646,BXVTK6291M,Married,59130,Kesari Upala Balakrishnan,pbaua
98000029,9571188857,Kanika Jatwani,Female,"113-118, PP Tower, 1st Floor, Netaji Subhash Place, Pitampura",New Delhi,New Delhi,32566,Kanika.Jatwani1035@gmail.com,7851637849,NAXRB1893Y,Single,43488,Parvati Mandakranta Vidyasagar,mitcha
98000030,9571948698,Satish Kumar Gupta,Male,"114, Suneja Tower-1, Districtt Center, Janakpuri",New Delhi,New Delhi,33686,Satish.Kumar1896@gmail.com,9978350355,ZUGYO5784X,Single,99297,Punam Shingane,pbaua
98000031,5155753381,Sumit,Male,"116, Ansal Fortune arcade, Sector 18, Noida",Noida,Uttar Pradesh,36157,Sumit.68@gmail.com,9593755408,VAXFL3842R,Married,71482,Shaheen Venkatadri,pbaua
98000032,9571803075,Guneet Kaur,Female,"117-119, Jaina Tower-1, Distt Center, Janakpuri",New Delhi,New Delhi,32471,Guneet.Kaur41@gmail.com,7103353085,LBTME1324N,Single,16961,Tapas Thundyil,arjga
98000033,9571268432,Rohan Gulati,Male,"118, Indraprakash Building, 21 Barakhamba Road, Connaught Place, New Delhi",New Delhi,New Delhi,36053,Rohan.Gulati545@gmail.com,7658556551,OUHWF5371W,Married,41278,Ramesh Nishar,urling
98000034,9571885778,Mukesh ,Male,"119, New Delhi House, 27 Barakhamba Road, Connaught Place, New Delhi",New Delhi,New Delhi,33861,Mukesh .1748@gmail.com,7385600018,HQVKM4710X,Married,81785,Praful Chandrak Papa,arjga
98000035,339086335,Sonia Thakur,Female,"11D / 1  Bank Road, Katra,Allahabad (U.P.) - 211002",Allahabad,Uttar Pradesh,35843,Sonia.Thakur971@gmail.com,9270744785,DCBJN1693K,Divorced,41964,Musheer Subbarayudu,ravgh
98000036,339123759,Ashish,Male,"11D/1, Bank Orad, Katra, Allahabad-211002",Allahabad,Uttar Pradesh,34725,Ashish.845@gmail.com,7374558073,UFBHL7632W,Married,11431,Jasraj Somatra,jyadva
98000037,9571732419,Harsh Wardhan,Male,"1201, 12 floor, New Delhi House, 27 Barakhamba Road, New Delhi",New Delhi,New Delhi,33393,Harsh.Wardhan1675@gmail.com,7343228152,YKPJF3908L,Married,82401,Kusumakar Vellore,jyadva
98000038,9571000368,Rohit Ahuja,Male,"1201, 12th floor, new delhi house, 27, barakhamba road, new delhi",New Delhi,New Delhi,33609,Rohit.Ahuja1499@gmail.com,7714739066,PHVNB7293X,Married,5548,Dheemant Maiti,meema
98000039,9571951681,Rohini Narang,Female,"1205,, Kailash Building || K.G Marg Connaught Place || New Delhi – 110001",New Delhi,New Delhi,33743,Rohini.Narang1098@gmail.com,9635708557,DPTKQ5014G,Married,63589,Vivekananda Gahlot,eemja
98000040,1761398430,Neha Walia,Female,121 First Floor | Suncity Arcade | Suncity Sec 54 | Gurgaon 122002 |Haryana,Gurugram,Haryana,34985,Neha.Walia938@gmail.com,9350207267,RYNTO1470H,Divorced,47103,Suchitra Chudasama,sadban
98000041,9571447794,Amaresh Pathak,Male,"121, 1st Floor, Living Style Mall, Main Kalandi Kunj Road",New Delhi,New Delhi,32290,Amaresh.Pathak1542@gmail.com,7743852240,AROHF7083R,Divorced,73067,Dhatri Esha Chawd,urling
98000042,9571151960,Shailendra M. Mishra,Male,"121, BD Chamber, 10/54, D.B Gupta Road, Karol Bagh",New Delhi,New Delhi,35601,Shailendra.M.1037@gmail.com,7147515349,OJCIR3657Q,Single,80837,Sonakshi Dua,urling
98000043,9571036677,Anju Garg,Female,"123, 1st Floor, Ring Road Mall, Near Deepali Chowk, Sec-3, Rohini",New Delhi,New Delhi,33003,Anju.Garg1302@gmail.com,9018884874,VWOYA8315G,Single,94467,Yamuna Muthukrishnan,sadban
98000044,9571862747,Harjinder Singh,Male,"123, 1st floor, vardhman crown mall, sector 19, dwarka",New Delhi,New Delhi,33156,Harjinder.Singh557@gmail.com,7035845153,QACRO3021A,Single,95805,Renuka Srivastav,namad
98000045,9571454235,Shweta Mittal,Female,"124, VARDHMAN ROYAL PLAZA, GUJRANWALA TOWN, PART - I, DELHI 110009",New Delhi,New Delhi,35132,Shweta.Mittal106@gmail.com,8459137034,HMGND1463M,Married,63635,Nidra Emankumar,namad
98000046,9571129297,Ashish,Male,"124, Vardhman royal Plaza, Gujranwala Town, Part-2, Delhi",New Delhi,New Delhi,35123,Ashish.586@gmail.com,7508966195,CPLIJ1352X,Single,46076,Gangika Mageshkumar,mitcha
98000047,9149221521,Neha Saha,Female,"124H, Thendral Complex, 3rd Floor, D.B. Road, Coaimbatore",Coimbatore,Tamil Nadu,32794,Neha.Saha923@gmail.com,7376912320,UPTJW7269D,Married,68790,Tapasi Sadalge,arjga
98000048,9571708064,Bishwas Joshi,Male,"126, LGF, World Trade Center, Barakhamba Lane, Connaught Place, New Delhi",New Delhi,New Delhi,36419,Bishwas.Joshi691@gmail.com,9921089025,VRMHA6129C,Single,13707,Ojal Pedapudi,pbaua
98000049,9571462067,Chetan Mansharamani,Male,"127, Ansal Chambers 2, 6 Bhikaji Cama Place, New Delhi",New Delhi,New Delhi,32563,Chetan.Mansharamani582@gmail.com,7927715624,JHQRB3567M,Married,60999,arvatinandan Sukanya,pbaua
98000050,9571760934,Surbhi Arora,Female,"127, Rajendra Bhawan, Rajendra Place, New Delhi/ near ananta",New Delhi,New Delhi,35328,Surbhi.Arora1858@gmail.com,8921164808,XNVMQ8649M,Single,54806,Vipula Duranjaya,pbaua
98000051,9571081584,Ashok Kumar,Male,"129, 2nd floor, shankar market, new rajinder nagar",New Delhi,New Delhi,32561,Ashok.Kumar1184@gmail.com,7898925601,HUDQS2716O,Single,46665,Nivritti Joshipura,sansoi
98000052,9571074934,Prateek Gupta,Male,"12A, 12th Floor, Gopala Towers, Rajendra Place, New Delhi",New Delhi,New Delhi,35319,Prateek.Gupta1259@gmail.com,9497831350,IFGAP3941Q,Divorced,88804,Sadaf Vattikota,rajshi
98000053,9571623104,Reshma Shahani,Female,"12A/26, WEA, Saraswati Marg, Karol Bagh, New delhi",New Delhi,New Delhi,32864,Reshma.Shahani135@gmail.com,9393984889,DYTBM6351B,Married,27206,Seemanti Nagaraja,eemja
98000054,6192839076,Nishant Shaleen,Male,"13 A, Jopling Road, Nanpara House, Lucknow-226001",Lucknow,Uttar Pradesh,34185,Nishant.Shaleen1135@gmail.com,8139961331,RUGOF4795O,Married,62152,Shrilata Ghoshdashtidar,ravgh
98000055,9571305243,Renuka,Female,"13 Floor, Indraprakash Building, 21 Barakhamba Road, New Delhi",New Delhi,New Delhi,35213,Renuka.713@gmail.com,7647924650,RKHPM1024B,Single,44579,Kaustav Sulalit Neel,vinit
98000056,2855629753,Mahesh,Male,"13, Civic Centre Bhilai Chhattisgarh India",Bhilai,Chhattisgarh,33655,Mahesh.1796@gmail.com,8625477718,LJYNU3690G,Married,14288,Gangadhar Parnad Shruti,sansoi
98000057,1761922408,Rameshwar Lal,Male,"298,LGF, Near Rose Appartments, Sector 28, Gurgaon",Gurugram,Haryana,35051,Rameshwar.Lal807@gmail.com,9464396196,LITSJ9586X,Married,35750,Ibrahim Davuluri,sansoi
98000058,3038053743,Rajan Makhija,Male,"13-14 C Public Park,Gole Bazar,Sriganganagar,Rajasthan",Sriganganagar,Rajasthan,32499,Rajan.Makhija477@gmail.com,8893974088,AQRDT6945Q,Divorced,71184,Titir Sethi,meema
98000059,9571366600,Neelam,Female,"135, Somdutt Chambers 1, 5 Bhikaji Cama Place, New Delhi",New Delhi,New Delhi,36242,Neelam.458@gmail.com,7823153250,VBHNY5163L,Divorced,71222,Harmendra Macwan,urling
98000060,9571491427,Uday Vir Singh,Male,"138 A, 1st Floor, Antriksh Bhawan, 22 Kasturbha Gandhi Marg, Connaught Place, New Delhi",New Delhi,New Delhi,35881,Uday.Vir896@gmail.com,8543780984,ZAPNF9670C,Married,38962,Advitiya Sujeet,meema
98000061,9571883021,Pradeep Nair,Male,"139, Lower Ground Floor, Mohammadpur, Bikhaji Cama Place, New Delhi-110066",New Delhi,New Delhi,34733,Pradeep.Nair166@gmail.com,8943488214,MVOPX8201E,Single,83493,Alagesan Poduri,rajshi
98000062,9571587017,Deepak Singh,Male,"13-B, 3rd Floor, Netaji Subhash Marg, Daryaganj, New Delhi",New Delhi,New Delhi,32300,Deepak.Singh1475@gmail.com,9828863636,VYUMP9250H,Divorced,42525,Amrish Ilyas,rajshi
98000063,9571143192,Deepika Luthra,Female,"13-D, Gopala Towers, Rajendra Place, New Delhi",New Delhi,New Delhi,33267,Deepika.Luthra1576@gmail.com,7498107802,YKHGS5713T,Single,79217,Aprativirya Seshan,mitcha
98000064,9571355287,Raghav Bhalla,Male,"14, Mohan Singh Place, Connaught Place, New Delhi.",New Delhi,New Delhi,32689,Raghav.Bhalla1832@gmail.com,8760572083,LZJTG4281J,Divorced,76227,Asvathama Ponnada,ravgh
98000065,9571701825,Chandi Prasad Bhatt,Female,"14, Tribhuvan Complex, Ishwar Nagar, Mathura Road, New Delhi",New Delhi,New Delhi,35937,Chandi.Prasad669@gmail.com,7399667787,QHIVE7568G,Divorced,36982,Avantas Ghosal,rajshi
98000066,1741250451,Priyanka Rawat,Female,"140/6 Brahman Wara, Ballabgarh, Faridabad, Haryana 121004",Faridabad,Haryana,33975,Priyanka.Rawat349@gmail.com,7785975761,SHQGT2041X,Single,36993,Avidosa Vaisakhi,mitcha
98000067,9571492125,Charanpreet Chawla,Male,"142/13, Sector 24, Rohini, Delhi 85",New Delhi,New Delhi,32447,Charanpreet.Chawla257@gmail.com,7554182806,HRNMA3547N,Divorced,73378,Barsati Sandipa,jyadva
98000068,9571635845,Sunil Kumar,Male,"14A/25, WEA, Channa Market, Saraswati Marg, Karol Bagh, New Delhi",New Delhi,New Delhi,32652,Sunil.Kumar402@gmail.com,9099742462,WDJSH7913Y,Married,50299,Debasis Sundhararajan,jyadva
98000069,9571639906,Sudesh Bhardwaj,Male,"14-B, 2nd floor, niho mall near DPS, ahinsa khand-2, indirapuram",New Delhi,New Delhi,32792,Sudesh.Bhardwaj666@gmail.com,8187789717,NCKVH4351F,Married,5279,Devasru Subramanyan,vinit
98000070,9571260532,Anupreet Kaur,Female,"14F, DDA MARKET, ASHOK VIHAR PH - 1, DELHI - 110052",New Delhi,New Delhi,32344,Anupreet.Kaur392@gmail.com,8084011797,DAOYC8296Z,Single,48471,Dharmadhrt Ramila,eemja
98000071,9571966186,Vandana Yadav,Female,"15, Krishna Market, Rohinti Sector -7 Delhi ",New Delhi,New Delhi,34264,Vandana.Yadav1675@gmail.com,9509359137,BVMTE2567Y,Married,27466,Dhritiman Salim,sansoi
98000072,9571779260,Rohit Sharma,Male,"15, Mohan Singh Place, Connaught Place, New Delhi",New Delhi,New Delhi,35556,Rohit.Sharma1659@gmail.com,8599756093,DVBSO1082U,Single,54266,Gopa Trilochana,namad
98000073,9571922954,Shweta Kundra,Female,"15, Municipal Market, Plaza Outer Circle, Connaught Place",New Delhi,New Delhi,36427,Shweta.Kundra1745@gmail.com,7528797145,KWTBG1849L,Married,67649,Hardeep Suksma,ajmee
98000074,8778286518,Anamika Priya,Female,"15,GuruMandal Ashram , Devpura  Haridwar ||Uttarakhand -249401|| INDIA",Haridwar,Uttarakhand,34737,Anamika.Priya1736@gmail.com,9694718734,CQVHS9072F,Married,87586,Jayadev Mitali,namad
98000075,8198524319,Aman Tyagi,Male,"15/148, sec-15, vasundhra, Ghaziabad",Ghaziabad,Uttar Pradesh,34159,Aman.Tyagi1579@gmail.com,8325165012,QXSHO6958E,Single,95276,Jitendra Choudhary,eemja
98000076,3526096026,Pradeep Saxena,Male,"15/3, shiv shaktu nagar, airforce station, jodhpur",Jodhpur,Rajasthan,34333,Pradeep.Saxena1562@gmail.com,7666291033,GNYDS3187R,Single,59311,Kalyanavata Veerender,meema
98000077,9571955806,Manish Sharma,Male,"1514, CHIRANJIV TOWER, 43 NEHRU PLACE, NEW DELHI - 110019",New Delhi,New Delhi,34296,Manish.Sharma1853@gmail.com,9629140149,HVCSL8526S,Married,81233,Naveen Tikaram,meema
98000078,8370647908,Jasmeet S Anand,Male,"153, Ground Floor Orchard Road Mall, Royal Palms, Aarey Milk Colony, Goregaon East, Mumbai - 400 065, India.",Mumbai,Maharashtra,33805,Jasmeet.S1273@gmail.com,7154230871,NJATI2748Y,Single,61198,Vijai Sritharan,mitcha
98000079,9571420524,Reena Josephine,Female,"1557 Laxmi Bai Nagar, New Delhi 110023",New Delhi,New Delhi,36143,Reena.Josephine1781@gmail.com,8139299904,XREZU9213K,Divorced,4812,badshya khan,jyadva
98000080,9571534855,Ashish Raj,Male,"15A/36 (206-207) 2nd floor, saraswati marg, karol bagh.",New Delhi,New Delhi,33990,Ashish.Raj598@gmail.com,9692837647,AEJGV9850E,Married,20321,vikash,jyadva
98000081,9571145017,Kashish,Male,"15A/36 (206-207), 2nd Floor, Saraswati Marg, Opp China Town Hotel, Karol Bagh, New Delhi",New Delhi,New Delhi,33947,Kashish.181@gmail.com,9339864743,FAYKL3986B,Single,51337,devinder chadda,jyadva
98000082,9571390600,Jinesh Jain,Male,"15A/38, WEA, Karol Bagh, New delhi",New Delhi,New Delhi,33305,Jinesh.Jain1681@gmail.com,7888803517,QDCAJ4785I,Married,19665,aman,sadban
98000083,9571938997,Nidhi Sharma,Female,"15A/5, Office #3, WEA Karol Bagh, New Delhi",New Delhi,New Delhi,35069,Nidhi.Sharma1701@gmail.com,7414624405,CLSGV8546M,Divorced,31078,mohan singh,urling
98000084,9571162689,Sapna Prakash,Female,"15a/8, w.e.a, karol bagh, near puja park, new delhi",New Delhi,New Delhi,32475,Sapna.Prakash1406@gmail.com,7595079975,UGVNH2709R,Married,82184,hemant,sadban
98000085,9571856148,Monica Arora,Female,"16 Vaishali Enclave, 4th Floor, Pitampura, Near Kohat Enclave Metro Station, New Delhi, ",New Delhi,New Delhi,32751,Monica.Arora876@gmail.com,9731764018,BSLMU3245H,Single,13539,shivam,ajmee
98000086,9571119976,Deep Kaur,Female,"161, 1st Floor, Capital Plaza,Inder Enclave,Paschim Vihar, New Delhi 110085",New Delhi,New Delhi,32449,Deep.Kaur1695@gmail.com,8912547509,VEZNC4570K,Divorced,11802,yash mittal,ajmee
98000087,1741063061,Pearl International,Male,"165 P, Sector 17,Market, Faridabad (Haryana)",Faridabad,Haryana,35349,Pearl.International1457@gmail.com,7024185673,YMUGV2548E,Married,71949,aakash,sadban
98000088,9571882068,Vishal Srivastava,Male,"167-168, 1st floor, vikas surya shopping mall, mangalam palace, sector 3, rohini",New Delhi,New Delhi,34400,Vishal.Srivastava773@gmail.com,8311918027,LQTYA1579B,Married,37932,chandesh,mitcha
98000089,9571664769,Nisha/ Soniya,Female,"167-168, 1st Floor, Vikas Surya Shopping Mall, Mangalam Palace, Sector 3, Rohini.",New Delhi,New Delhi,33196,Nisha/.Soniya157@gmail.com,8977220852,TOHIK4230Y,Single,36753,sumit mitra,urling
98000090,5908355616,Avdesh Sharma,Male,"167-168, Laxman Colony, Laxman Path, Shyam Nagar, Jaipur",Jaipur,Rajasthan,36152,Avdesh.Sharma564@gmail.com,8507471646,XFHVS3964A,Married,56672,supriyal sen,urling
98000091,9571014149,Rajat Sawhney,Male,"168, 1st floor, vardhman crown mall, sector 19, dwarka",New Delhi,New Delhi,34682,Rajat.Sawhney1754@gmail.com,8599675384,LBVEN8035Y,Single,68776,gajender singh @ goldy,urling
98000092,9571196182,Pankaj Gaur,Male,"17, 1st floor, opp city hospital, karol bagh",New Delhi,New Delhi,34068,Pankaj.Gaur822@gmail.com,8024346218,ILEOQ3601E,Divorced,52897,pooran chand sharma,arjga
98000093,9571319170,Manoj,Male,"17, 1st Floor, Opp, City Hospital,Karol Bagh, New Delhi",New Delhi,New Delhi,33731,Manoj.890@gmail.com,8882194858,NMPRO6932K,Married,9467,irfan,ravgh
98000094,9571788758,Raghu,Male,"17, DDA, Mini Market, E Block, East Of Kailash, New Delhi",New Delhi,New Delhi,35108,Raghu.1801@gmail.com,9339003175,MBEID9463B,Single,8706,azaruddin,sansoi
98000095,9571344961,Anjali Choudhary,Female,"17, Kapil Vihar, Opp Metro Pillar No 351, , Main Road, Pitampura",New Delhi,New Delhi,34037,Anjali.Choudhary1438@gmail.com,8165041079,TMRDF7683U,Married,80235,mukul yadav,sansoi
98000096,2538044694,Virender Sharma,Male,"175 Saharanpur Road, Patel Nagar Near Bank Of Baroda , Dehradun",Dehradun,Uttarakhand,36349,Virender.Sharma940@gmail.com,9464426092,OPFLD2950E,Married,30986,pooran chand sharma,subje
98000097,9571663286,Amresh Pathak,Male,"175, 1st Floor, Vardhman Crown Mall, Sector-19, Dwarka",New Delhi,New Delhi,33024,Amresh.Pathak1424@gmail.com,9894780899,YSQMH6542D,Married,53264,manoj,vinit
98000098,4233247135,Ranjeet Barnwal,Male,"176, First Floor, Chinu Bhai Tower, Near H.K. College, Ashram Road, Ahmedabad",Ahmedabad,Gujarat,32822,Ranjeet.Barnwal729@gmail.com,7417436123,YZABL6528Q,Single,77986,sanjay charee,arjga
98000099,9571927593,Ritu,Female,"17A/46, WEA, Karol Bagh, New Delhi",New Delhi,New Delhi,33898,Ritu.1888@gmail.com,7006500816,VDGHZ2169I,Married,77134,raja babu,subje
98000100,6258736689,Nasim Khan,Male,"18 - AX, MODEL TOWN EXT. NEAR GURUDWARA, LUDHIANA",Ludhiana,Punjab,33611,Nasim.Khan666@gmail.com,8462661637,PNJZA3081E,Divorced,84007,vinay kumar upadhayay,rajshi
98000101,9571413414,Kritika Mehta,Female,"18, Community Centre, Kailash Colony Extension, Zamrudpur, New dElhi",New Delhi,New Delhi,34964,Kritika.Mehta601@gmail.com,7761161324,ZUNTR8919B,Single,86914,shekher,ajmee
98000102,9571861541,Gagan Saluja,Male,"18, Hauz Khas Village,New Delhi - 110016",New Delhi,New Delhi,34541,Gagan.Saluja1331@gmail.com,8889796885,INPJZ2191G,Single,97104,vinod,ajmee
98000103,9571649250,Girendra Kumar,Male,"18/2, arya Samaj Road, Karol Bagh",New Delhi,New Delhi,34297,Girendra.Kumar389@gmail.com,8811461256,FILQX1798U,Single,62699,abhishek yadav,rajshi
98000104,9571011804,Selestina Emmanuel,Female,"180, 1st floor, vardhman crown mall, sector 19, dwarka",New Delhi,New Delhi,34149,Selestina.Emmanuel1594@gmail.com,8070780948,BTSXL3942J,Divorced,39469,abhishek yadav,ajmee
98000105,9571455196,Charanjeet Kaur,Female,"187, Vardhman Crown Mall, Dwarka Sector – 19, New Delhi - 110075",New Delhi,New Delhi,32867,Charanjeet.Kaur918@gmail.com,8543771194,BACPY4958H,Married,2673,manish khandelwal,sansoi
98000106,9571808487,Sweta Sinha,Female,"187, Vardhman Crown Plaza, Sector 19, Dwarka",New Delhi,New Delhi,33634,Sweta.Sinha89@gmail.com,7693935349,LEGWF7936M,Married,62474,bir singh,sansoi
98000107,9571273336,Preet,Female,"1897, 2nd Floor Uday Chand Marg,Near 'D' Block, South Extension Part-I,",New Delhi,New Delhi,34025,Preet.375@gmail.com,7680137125,QDKVT6381G,Single,60281,ram niwas,arjga
98000108,9571347684,Georgina Eric,Female,"19 -B, BASANT LOK COMMUNITY CENTRE, VASANT VIHAR, NEW DELHI - 110057",New Delhi,New Delhi,34345,Georgina.Eric385@gmail.com,7756122122,VXWHU2569X,Married,39293,rajkumar saini s/o madan lal saini,sadban
98000109,1739347556,Sami Khan,Male,"19/6 Sahapur Colony Block-J, New Alipore kolkata-700053",Kolkata,West Bengal,33162,Sami.Khan76@gmail.com,7351709812,HTQLB4057R,Single,7796,rakesh,sadban
98000110,9571851905,Aditya Oberoi,Male,"196/J, 2nd floor, East of Kailsah, New Delhi- 110049",New Delhi,New Delhi,36088,Aditya.Oberoi902@gmail.com,9081092832,FDQMH8692G,Single,18849,mohd sajim,mitcha
98000111,9571867574,Tushar Sharma,Male,"199, MAIN MRKT, CHIRAG DELHI, DELHI - 110017",New Delhi,New Delhi,33710,Tushar.Sharma1638@gmail.com,9557028974,RGMHF4235W,Single,51603,shankarlal s/o sukharam,sansoi
98000112,1761325298,Manjeet Kaur,Female,"19th Floor, Tower, DLF Cyber Terraces DLF Cyber City, Phase-3, Gurgaon-122002",Gurugram,Faridabad,34661,Manjeet.Kaur512@gmail.com,8951573231,HFZMN1928R,Single,99970,rahul sharma,ajmee
98000113,1761768456,Meenakshi,Female,"19th Floor, Tower A, Building No. 5 | DLF Cyber Terraces, DLF Cyber City | Phase 3 | Gurgaon 122002, Haryana, India",Gurugram,Faridabad,33176,Meenakshi.1585@gmail.com,8017008652,VPUXI3784Z,Married,68711,neeraj kishore,ajmee
98000114,5908787084,Jagdeep Patel,Male,"1-A, Fateh Nagar, Surya Nagar, Tonk Road, Jaipur - 302015",Jaipur,Rajasthan,32619,Jagdeep.Patel368@gmail.com,7924131705,HPOGB2901H,Divorced,54056,ishwar,sansoi
98000115,9571824162,Ketan Bhagwani,Male,"1-B DDA Market DB Block Hari Nager,Opp I.T.I Institute,New Delhi-110064",New Delhi,New Delhi,35725,Ketan.Bhagwani1199@gmail.com,9579090544,RWSQF2375K,Single,88593,bilal,meema
98000116,1741637747,Mohit Kulkarni,Male,"1C- 102, NIT, Faridabad, Haryana",Faridabad,Haryana,36481,Mohit.Kulkarni957@gmail.com,7310450291,NYOIQ2076N,Single,48564,ravi parkash solanki,meema
98000117,2755986226,Manish Sundriyal,Male,"1st floor, Above Uphar Kendra, Bajaja Line, Ramnagar, Dist. Nainital",Nainital,Uttarakhand,33868,Manish.Sundriyal1856@gmail.com,7358945935,FZDRM7840B,Married,77519,rohit kumar tiwari,mitcha
98000118,9571915878,Gopal Shekhawat,Male,"1st Floor, Bhanot House, 17 Community Center, Gulmohar Enclave Extn, New delhi",New Delhi,New Delhi,35458,Gopal.Shekhawat973@gmail.com,7495860292,IYUFX2604Q,Divorced,85776,pramod,sadban
98000119,6258830522,Anil Sharma,Male,"1ST FLOOR, HOTEL MANZIL, NEAR BUS STAND, LUDHIANA - 141002",Ludhiana,Punjab,35902,Anil.Sharma452@gmail.com,7289324331,QYABE7983N,Married,66520,manjeet kumar,mitcha
98000120,8153888264,Ajay Kumar,Male,"1ST FLOOR, NANAK BUILDING, OPP. NEHRU SHOPPING COMPLEX, LAWRENCE ROAD, AMRITSAR - 143001",Amritsar,Punjab,35289,Ajay.Kumar312@gmail.com,7075209588,TGHQW5362E,Divorced,791,vimal kumar,eemja
98000121,6258026355,Harsh Wardhan,Male,"1ST FLOOR, NANKANA SAHIB COMPLEX, NEW JAWAHAR NAGAR, OPP. BUS STAND, LUDHIANA - 141002",Ludhiana,Punjab,34590,Harsh.Wardhan482@gmail.com,7767841485,TQSUB3587T,Married,70394,vijay,subje
98000122,9571102056,Charu Kumar,Female,"1st Floor, Plot No. 56, Rama Road Industrial Area",New Delhi,New Delhi,34649,Charu.Kumar887@gmail.com,8849818945,PMCYE7904A,Married,75864,abbas mehndi,subje
98000123,9571945016,Naveen Kumar,Male,"1st Floor, Somdutt Chambers-2, 9 Bhikaji Cama Place, New Delhi",New Delhi,New Delhi,32917,Naveen.Kumar1032@gmail.com,8709253230,HYFDX5260M,Single,36103,omprkash,sansoi
98000124,7323995522,Kuntal Dey,Male,"1st FLOOR,BHAN COMPLEX, OPP.HATHI GATE, COURT ROAD, SAHARANPUR-247001",Saharanpur,Uttar Pradesh,33688,Kuntal.Dey970@gmail.com,8623407677,SYNBR5216Q,Married,25372,deepak rathore,ajmee
98000125,5155111586,Sandeep Jain,Male,"2, Danbro House, F-22, Sector 18 Noida",Noida,Uttar Pradesh,32289,Sandeep.Jain757@gmail.com,7733470130,MJPDH8542Y,Married,79622,masoom,subje
98000126,9571861210,Amit Kr. Srivastasva,Male,"2, Oberoi House, IInd Floor, Local Shopping Complex, Karampura, New Moti Nagar, New Delhi",New Delhi,New Delhi,32442,Amit.Kr.87@gmail.com,8322941157,AJOBN2314C,Married,75265,deepak kamat,subje
98000127,9571055977,Deepak Sethi,Male,"2, Sai Ashirwad, Sectore-15, Near Rly Station, Nerul (E) , Navi Mumbai- 400 706",New Delhi,New Delhi,32702,Deepak.Sethi263@gmail.com,9115648458,NDGCS2690B,Single,99557,ajay @ ajju,mitcha
98000128,9571678357,B K Bharti,Male,"2/15, second floor, west patel nagar, New Delhi",New Delhi,New Delhi,33667,B.K1821@gmail.com,7626448978,FQPKE1230I,Married,39029,abhishek,mitcha
98000129,9571686136,Akshay Jain,Male,"2/5, Ansari Road, Daryanj, New dElhi-02",New Delhi,New Delhi,32902,Akshay.Jain1783@gmail.com,8429823841,NQKDM3692W,Married,82995,toquir ali,ajmee
98000130,9571959424,Rajiv Jain,Male,"20 A, Pocket B, Hari Nagar, New Delhi",New Delhi,New Delhi,33066,Rajiv.Jain1444@gmail.com,7177343768,QMKPL2498D,Single,33693,shyam sundra,namad
98000131,9571461528, Vikrant Verma,Male,"20 -C DDA Market, Rajdhani Enclave, New Delhi - 110034",New Delhi,New Delhi,36444, Vikrant.Verma219@gmail.com,9335300625,PMCZE9437R,Single,78094,ankit,vinit
98000132,9571562406,Jitender Chauhan ,Male,"20, AD Market, LSC, Shalimar Bagh, New Delhi",New Delhi,New Delhi,32918,Jitender.Chauhan 314@gmail.com,8438862326,XLPFW7340T,Married,52082,sarthak dadwal,namad
98000133,9571192784,Ashish Wadhera,Male,"20, rectangle 1, d-4, district center, saket, new delhi",New Delhi,New Delhi,34418,Ashish.Wadhera1209@gmail.com,7575831472,SMQRH7823Q,Divorced,5832,armaan @ suvalin,eemja
98000134,9571375480,Akhilesh Kala,Male,"200/202, Rajlaxmi Bhavan, Perin Nariman Street, Bazaar ,Gate, Fort, Mumbai - 400001.",New Delhi,New Delhi,34876,Akhilesh.Kala105@gmail.com,8486091446,YIUQG1749V,Married,17751,kunal kishore,vinit
98000135,9571972436,Jitin Bajaj,Male,"201 N Block, BMC House, Middle Circle,Connaught Place",New Delhi,New Delhi,35034,Jitin.Bajaj1691@gmail.com,7562558394,SDTKJ8534K,Divorced,94185,nabav shekh,vinit
98000136,9571153051,Deepak Modgill,Male,"201, Local Shopping Complex, Derawal Nagar, New Delhi",New Delhi,New Delhi,35298,Deepak.Modgill1059@gmail.com,8332856422,DARZC4861Y,Single,82421,ravindra kumar,vinit
98000137,4233615088,Tanwir,Male,"201-202, 2nd Floor, Abhijeet-4 Navrangpura, Ahmedabad-380006",Ahmedabad,Gujarat,33157,Tanwir.1405@gmail.com,9694174107,TUKGQ9607O,Married,14945,viney parkash,subje
98000138,9571427003,Kanishk Karn,Male,"201-202, PP Trade Center, Netaji Subhash Place, Pitampura",New Delhi,New Delhi,33466,Kanishk.Karn1438@gmail.com,9796890263,JKRVO3820P,Married,14705,ram parkash teneja,ajmee
98000139,9571417404,Harsh Vajpai,Male,"202 - 203, IIND FLOOR VARDHMAN DEE CEE PLAZA, PLOT NO.6(NEAR BY AKASH INSTITUTE) SECTOR -11 MKT. DWARKA, NEW DELHI - 110075",New Delhi,New Delhi,36252,Harsh.Vajpai1028@gmail.com,9754441063,QAELB6725V,Married,46467,prem pal,sansoi
98000140,9571997155,Yogendra Verma,Male,"202 Nirmal Tower, barakhamba Road, New Delhi",New Delhi,New Delhi,35223,Yogendra.Verma1040@gmail.com,8694736533,NLWYT7205T,Single,93226,dhramender,subje
98000141,9571513634,Rashmi Rauthan,Female,"202, 2nd floor, Nirmal Tower, 26 Barakhamba Road, Connaught Place, New Delhi",New Delhi,New Delhi,32549,Rashmi.Rauthan638@gmail.com,9949604177,TLNKX7450Z,Single,78198,sunil,subje
98000142,1761304016,Manoranjan Das,Male,"202, Bestech Chambers, B Block, Sushant Lok-1, Gurgaon",Gurugram,Haryana,33638,Manoranjan.Das1124@gmail.com,8052906620,WKVBE9205D,Single,1889,swami nathan,ajmee
98000143,9571929696,Abhishek Tiwari,Male,"203 F/1, Rajendra Avenue, Uttarpara Hooghly",New Delhi,New Delhi,36298,Abhishek.Tiwari1494@gmail.com,7121148690,LOVJC8921S,Single,46161,rakesh panday,arjga
98000144,9571386891,Ajay Dhar,Male,"203 Skytech Magadh, Sector-3,VAISHALI, Delhi/NCR, INDIA",New Delhi,New Delhi,32150,Ajay.Dhar1535@gmail.com,8867266573,EJBTS8621Q,Divorced,97597,krishana,sansoi
98000145,9571865815,Arjun,Male,"203, Ansal Classique Tower, J Block Rajouri Garden, New Delhi",New Delhi,New Delhi,34002,Arjun.316@gmail.com,7849769233,QOEGA1468O,Divorced,89643,suraj kumar,rajshi
98000146,8370355046,Alok Lepcha,Male,"203, Corporate Avenue | Sonawala Road I Near Udyog Bhawan , Goregaon - East | Mumbai | India - 400063",Mumbai,Maharashtra,32730,Alok.Lepcha775@gmail.com,7907761476,LOXJC4325G,Single,46046,deepak,mitcha
98000147,9571479270,Anu Zutshi,Female,"203, IInd Floor, Rishabh Corporate Tower, Plot No.16 Karkardooma Community Centre, Opp: Hargobind Enclave Delhi -India, Near: Karkardooma Metro Station",New Delhi,New Delhi,32833,Anu.Zutshi20@gmail.com,9671859667,AMXDN7120H,Divorced,26250,ajay kumar,subje
98000148,9571940057,Shiv Gurjar,Male,"203, New Delhi House, 27 Barakhamba Road, New Delhi",New Delhi,New Delhi,34873,Shiv.Gurjar307@gmail.com,8578375215,ASIYD9017D,Married,86727,sonali,vinit
98000149,9571530177,Uzair Khan,Male,"203, New Delhi House, 27 Barakhamba Road, New Delhi - 110001",New Delhi,New Delhi,32435,Uzair.Khan940@gmail.com,7909974998,LXTUA5084R,Single,74011,piyush,subje
